"word1","word2","word3","word4","freq"
"board","district","candidate","filed",59
"township","board","district","candidate",59
"center","township","board","district",14
"decatur","township","board","district",14
"franklin","township","board","district",14
"lawrence","township","board","district",14
"perry","township","board","district",14
"pike","township","board","district",14
"warren","township","board","district",14
"washington","township","board","district",14
"wayne","township","board","district",14
"greenville","newspaper","south","carolina",12
"cake","cake","cake","cake",9
"candidate","filed","franklin","township",9
"candidate","filed","washington","township",9
"district","candidate","filed","franklin",9
"district","candidate","filed","washington",9
"filed","franklin","township","board",9
"filed","washington","township","board",9
"district","candidate","filed","state",8
"alex","alex","alex","alex",7
"candidate","filed","decatur","township",7
"candidate","filed","pike","township",7
"district","candidate","filed","decatur",7
"district","candidate","filed","pike",7
"filed","decatur","township","board",7
"filed","pike","township","board",7
"candidate","filed","center","township",6
"candidate","filed","perry","township",6
"candidate","filed","state","representative",6
"candidate","filed","warren","township",6
"dance","dance","dance","dance",6
"district","candidate","filed","center",6
"district","candidate","filed","perry",6
"district","candidate","filed","warren",6
"filed","center","township","board",6
"filed","perry","township","board",6
"filed","state","representative","district",6
"filed","warren","township","board",6
"representative","district","candidate","filed",6
"state","representative","district","candidate",6
"candidate","filed","lawrence","township",5
"district","candidate","filed","lawrence",5
"filed","lawrence","township","board",5
"g","g","saturated","mg",5
"g","saturated","mg","cholesterol",5
"happy","st","patricks","day",5
"betfred","cheltenham","gold","cup",4
"buy","one","get","one",4
"calories","g","g","saturated",4
"candidate","filed","wayne","township",4
"case","western","reserve","university",4
"district","candidate","filed","wayne",4
"filed","wayne","township","board",4
"g","fiber","mg","sodium",4
"g","protein","g","carbohydrate",4
"house","speaker","john","boehner",4
"john","smiths","grand","national",4
"middle","schools","earned","api",4
"per","serving","calories","g",4
"protein","g","carbohydrate","g",4
"schools","earned","api","similar",4
"th","overall","compensatory","pick",4
"township","board","district","david",4
"want","want","want","want",4
"-","years","old","feet",3
"bobbyjo","chase","fairyhouse","february",3
"cant","wait","get","started",3
"cholesterol","g","protein","g",3
"come","back","next","week",3
"congressional","record","vol","p",3
"daily","record","pp","e-e",3
"dow","jones","industrial","average",3
"federal","emergency","management","agency",3
"go","fish","ministries","inc",3
"grade","two","bobbyjo","chase",3
"home","new","york","city",3
"just","wanted","let","know",3
"los","angeles","city","council",3
"mg","cholesterol","g","protein",3
"mg","sodium","g","fiber",3
"new","york","new","jersey",3
"newark","mayor","cory","booker",3
"one","thing","remained","constant",3
"p","daily","record","pp",3
"pivots","short","term","momentum",3
"proceedings","national","academy","sciences",3
"record","vol","p","daily",3
"rushbig","time","rushbig","time",3
"san","francisco","bay","area",3
"saturated","mg","cholesterol","g",3
"senate","president","stephen","sweeney",3
"time","rushbig","time","rushbig",3
"two","bobbyjo","chase","fairyhouse",3
"vol","p","daily","record",3
"-","count","thats","throw",2
"-","curve","going","slider",2
"-","days","shorter","gregorian",2
"-","far","throw","mph",2
"-","filed","chapter","bankruptcy",2
"-","grams","protein","per",2
"-","marriotts","ridge","-",2
"-","one","quarter","-",2
"-","pdt","washington","ap",2
"-","people","canada","suspect",2
"-","play","bullpen","game",2
"-b","words","theyd","already",2
"-gb","hard","drive","one",2
"-gb","hard","drives","units",2
"-house","morale","might","just",2
"-square-foot","home","pool","built",2
"-star","higher","obp","slugging",2
"-year","career","told","daily",2
"academically","almost","two-thirds","middle",2
"access","students","need","classes",2
"accessing","vending","machine","contents",2
"according","bureau","labor","statistics",2
"account","seasons","cycle","seasons",2
"acquire","new","pre-owned","vehicle",2
"across","can","just","feel",2
"act","section","bit","need",2
"action","can","also","throw",2
"actions","people","comes","across",2
"actually","three","different","official",2
"add","onion","saute","translucent",2
"add","remaining","flour","cup",2
"add","wet","ingredients","dry",2
"added","agency","looks","forward",2
"adding","likely","dropped","grassy",2
"address","roughly","third","will",2
"addressing","financial","problems","said",2
"admit","blood","doping","testosterone",2
"admit","idea","everyone","use",2
"advertising","budget","spent","attempting",2
"advertising","fees","advertising","linking",2
"advertising","linking","amazoncom","amazonca",2
"adviser","arts","culture","cleveland",2
"affiliation","tea","party","group",2
"age","crown","prince","range",2
"agencies","made","substantial","investments",2
"agency","looks","forward","discussing",2
"ago","celebrate","summers","brucker",2
"ago","scoffed","previews","revenge",2
"agriculture","water","management","soil",2
"ah","high","school","boys",2
"ahead","curve","addressing","financial",2
"aint","good","eyes","just",2
"alcohol","last","year","percent",2
"aldermanic","president","lewis","reed",2
"ale","stars","friends","secretly",2
"alex","len","also","eight",2
"alex","tesone","field","pm",2
"allege","ravi","intentionally","set",2
"almost","made","fall","asleep",2
"almost","two-thirds","middle","schools",2
"along","new","weekly","recap",2
"along","support","event","ale",2
"alpha","ended","th","daddy",2
"already","readily","available","fox",2
"already","spent","two","years",2
"also","eight","points","second",2
"also","nearby","rivoli","opened",2
"also","played","receiver","connected",2
"also","skill","love","get",2
"also","throw","-","play",2
"although","end","era","signalled",2
"always","count","can","use",2
"always","say","never","say",2
"amazon","eu","associates","programmes",2
"amazon","eu","content","provided",2
"amazon","services","llc","amazon",2
"amazon","services","llc","andor",2
"amazonca","amazoncouk","amazonde","amazonfr",2
"amazoncom","amazonca","amazoncouk","amazonde",2
"amazoncouk","amazonde","amazonfr","amazonit",2
"amazonde","amazonfr","amazonit","amazones",2
"amazones","certain","content","appears",2
"amazonfr","amazonit","amazones","certain",2
"amazonit","amazones","certain","content",2
"among","law","enforcement","officers",2
"among","top","percent","academically",2
"amusing","call","education","urd",2
"anacortes","community","forest","lands",2
"analysts","mf","global","woodside",2
"andor","amazon","eu","content",2
"ann","davis","added","agency",2
"anniversary","versatile","set","can",2
"announced","barely","thirty","minutes",2
"announcing","million","donation","newark",2
"annually","rainwater","basin","venture",2
"another","colors","rose","coupled",2
"another","day","another","dollar",2
"another","dog","little","insight",2
"answer","b","love","voice",2
"anticlockwise","turning","force","right-handed",2
"anyone","tv","strong","stomach",2
"anything","care","aside","fact",2
"anyway","doesnt","help","words",2
"api","similar","school","score",2
"api","similar","schools","score",2
"apparent","time","although","end",2
"apparently","one","asked","consumers",2
"appears","website","comes","amazon",2
"approved","prevent","healthy","people",2
"approximately","million","annually","rainwater",2
"arabia","uses","lunar","hijri",2
"arabic","dates","western","calendar",2
"area","alongside","back","house",2
"argento","chase","cheltenham","january",2
"argue","plan","provides","interim",2
"argument","time","prepare","arnos",2
"arm","kind","got","away",2
"arm","slot","feels","right",2
"arms","hugged","almost","made",2
"armstrong","similar","reasons","seems",2
"armstrong","will","admit","blood",2
"armstrongs","camp","says","hamilton",2
"arnos","attorney","eric","shenkus",2
"aromas","combine","together","formula",2
"around","around","around","around",2
"around","truly","untested","buy",2
"around","weve","suffered","four",2
"article","kleins","said","aware",2
"article","notes","expensive","run",2
"arts","culture","cleveland","foundation",2
"aside","fact","falling","love",2
"ask","well","guess","tried",2
"asked","consumers","whether","good",2
"asleep","sad","pathetic","life",2
"assemble","spew","collective","invective",2
"assembly","speaker","sheila","oliver",2
"assemblyman","reed","gusciora","d-mercer",2
"assessment","nebraskas","rainwater","basin",2
"associated","press","thursday","warrens",2
"associates","programmes","designed","provide",2
"association","realtors","said","thursday",2
"ate","food","grew","pooped",2
"athletic","director","tim","pernetti",2
"athletic","funny","popularthe","epitimy",2
"atmosphere","local","colour","fragrant",2
"attempting","acquire","new","pre-owned",2
"attorney","eric","shenkus","told",2
"attorney","steve","scheffler","said",2
"attorney","western","district","virginia",2
"australia","rocks","market","intend",2
"austreamso","can","u","record",2
"authorities","offering","reward","information",2
"authority","new","york","new",2
"authors","lifetime","plus","years",2
"autonomous","board","without","family",2
"available","fox","news","anyone",2
"average","rate","-year","fixed",2
"averaging","points","rebounds","percent",2
"avian","species","dependent","region",2
"avoid","using","proper","nouns",2
"aware","competitive","retailers","market",2
"away","either","going","-",2
"away","exhausting","task","improving",2
"awesome","prize","one","lucky",2
"awkward","moment","ur","park",2
"b","love","voice","hair",2
"b","rickie","weeks","nl",2
"back","next","days","see",2
"back","now","got","action",2
"background","remind","horror","stories",2
"backstory","nothing","defining","feature",2
"bag","earrings","show","affiliation",2
"bake","minutes","preheated","oven",2
"baker","sells","antiques","open",2
"baker","shop","door","longer",2
"bakers","shop","number","built",2
"baking","powder","baking","soda",2
"ball","also","played","receiver",2
"band","going","holy","theyre",2
"bar","los","angeles","county",2
"bar","take","though","defense",2
"barely","thirty","minutes","trophy",2
"based","moon","take","account",2
"basement","floors","converted","hotel",2
"basin","nrcs","usfws","invest",2
"basin","venture","partnership","deliver",2
"bass","gahhh","flstudios","help",2
"batchelder","became","ohios","st",2
"bball","game","night","ur",2
"beat","cant","create","bass",2
"beat","elliott","high","kopitars",2
"beauty","butterfly","rarely","admit",2
"became","ohios","st","house",2
"becoming","infected","virus","causes",2
"beer","lovers","took","bit",2
"believable","just","kinda","ends",2
"believe","months","ago","scoffed",2
"believed","board","members","conflict",2
"bench","bruno","mars","walks",2
"besides","stigma","article","notes",2
"best","customer","service","grocery",2
"best","exotic","marigold","hotel",2
"best","friend","best","friend",2
"best","opportunity","ive","seen",2
"better","prosperous","future","said",2
"beyonce","thinking","men","run",2
"big","blue","u","candle",2
"biggest","priority","bookers","second",2
"billion","revenue","within","next",2
"bird","habitat","protection","north",2
"birthdate","trying","convert","arabic",2
"birthdays","saudi","arabia","uses",2
"bit","hit","pps","budget",2
"bit","need","keir","handy",2
"blazers","coach","nate","mcmillan",2
"blessed","stressed","blessed","stressed",2
"blm","invested","million","complete",2
"block","stamp","heritage","roses",2
"block","use","eminent","domain",2
"blocked","nearby","street","police",2
"blog","lack","updated","shop",2
"blood","doping","testosterone","use",2
"blower","perfect","soundtrack","gruesome",2
"blowout","deal","isnt","good",2
"board","members","conflict","interest",2
"board","without","family","members",2
"bonds","lost","ticks","crude",2
"book","discredited","floyd","landis",2
"booked","brewers","many","local",2
"booked","came","along","support",2
"booker","said","staked","political",2
"boys","makes","equal","parts",2
"boys","might","see","sitcoms",2
"boys","want","talk","today",2
"braeckel","packaging","procurement","see",2
"braeckel","whod","executives","innovations",2
"brand","development","braeckel","packaging",2
"breathed","sigh","relief","wasnt",2
"brewers","many","local","beer",2
"brewers","struggling","b","rickie",2
"bribery","act","section","bit",2
"broadcasting","wwwgetrichradiocom","communication","coach",2
"broken","spoke","saloon","daytona",2
"brokerage","st","louis-based","stifel",2
"broncos","first","pick","overall",2
"brother","sports","controversial","trainer",2
"brothers","chrystoph","iliopoulos","hlias",2
"brought","along","new","weekly",2
"brought","rain","lol","rt",2
"brought","yxta","will","open",2
"brucker","roscoe","skipper","also",2
"brucker","spent","florence","father",2
"bruno","mars","walks","dragging",2
"budget","crisis","threatening","class",2
"budget","spent","attempting","acquire",2
"build","case","kisbys","attorney",2
"building","square","feet","offices",2
"built","stone","sculpture","baker",2
"bullpen","game","sort","depends",2
"bunch","sort","safety","manning",2
"bunch","trouble","honest","opinion",2
"bundle","items","get","lower",2
"bundts","made","national","bundt",2
"butterfly","rarely","admit","changes",2
"buy","dont","know","mixed",2
"buy","else","can","tell",2
"buy","multiples","favorite","candy",2
"buy","want","need","offering",2
"cake","flavor","didnt","taste",2
"calendar","-","days","shorter",2
"calendar","every","islamic","years",2
"calendar","islamic","calendar","purely",2
"calendar","purely","based","moon",2
"calendar","used","west","can",2
"california","state","clamber","sinkhole",2
"call","education","urd","given",2
"called","hssh","earlier","week",2
"called","intentional","grounding","end",2
"calories","g","protein","g",2
"came","along","support","event",2
"camp","says","hamilton","lying",2
"camp","th","graders","pacific",2
"campus","hear","seven","students",2
"campus","later","blocked","nearby",2
"can","also","throw","-",2
"can","assemble","spew","collective",2
"can","come","mat","kearney",2
"can","create","disputes","someones",2
"can","document","infestation","date-stamped",2
"can","just","feel","sadness",2
"can","manage","tear","away",2
"can","many","different","looks",2
"can","supply","stronger","anticlockwise",2
"can","tell","said","reimer",2
"can","tell","us","buy",2
"can","try","bundle","items",2
"can","u","record","put",2
"can","use","got","-",2
"can","watch","games","ilysm",2
"canada","suspect","hockey","punch",2
"candidate","filed","state","senator",2
"candy","bar","take","though",2
"canning","line","may","make",2
"cant","create","bass","gahhh",2
"cant","tell","judge","whose",2
"cant","tell","writers","never",2
"cant","wait","get","hands",2
"cant","wait","go","back",2
"cant","wait","see","rt",2
"carbohydrate","g","g","saturated",2
"carbohydrate","g","sugar","g",2
"card","lets","users","surf",2
"care","aside","fact","falling",2
"care","got","scar","nose",2
"care","honestly","cant","tell",2
"career","path","college","perhaps",2
"career","told","daily","racing",2
"careless","disposal","probable","cause",2
"carolina","greenville","newspaper","south",2
"carried","ball","also","played",2
"carter","extended","lead","remaining",2
"case","didnt","get","ordered",2
"case","kisbys","attorney","steve",2
"cases","whether","youre","even",2
"castle","ransom","gets","wants",2
"catcher","throws","curve","like",2
"cause","bit","hit","pps",2
"cause","finished","third","dullahan",2
"cause","said","macdonald","adding",2
"causes","buy","multiples","favorite",2
"caution","just","can","try",2
"cavs","coach","byron","scott",2
"celebrate","summers","brucker","spent",2
"center","alex","len","also",2
"center","hours","good","days",2
"central","wisconsin","state","fair",2
"cents","settle","per","gallon",2
"certain","content","appears","website",2
"cerveny","senior","adviser","arts",2
"ch","next","three","spaces",2
"ch","sc","sc","fpdc",2
"challenged","position","us","rep",2
"champion","green","bay","packers",2
"changeup","didnt","want","hurt",2
"changeup","right","catcher","throws",2
"character","development","backstory","nothing",2
"charge","indy","fifth","optimizer",2
"check","create","energy","team",2
"cheeks","says","hello","arms",2
"cheese","cup","cheddar","cheese",2
"chest","see","shyness","grow",2
"chicago","maroon","november","pp",2
"chickens","natures","little","pest",2
"chickens","showed","seems","chickens",2
"chief","justice","stuart","rabner",2
"children","international","pediatric","specialty",2
"chilly","month","offrevengereturned","week",2
"choices","made","made","defense",2
"cholesterol","mg","sodium","g",2
"choose","sure","stop","back",2
"chrystoph","iliopoulos","hlias","iliopoulos",2
"city","math","math","city",2
"claims","armstrong","similar","reasons",2
"clamber","sinkhole","fiscal","uncertainty",2
"class","cuts","argue","plan",2
"classic","movie","let","ride",2
"clean","air","clean","water",2
"close","ill","ever","get",2
"closes","another","one","opens",2
"coach","larry","drew","said",2
"coach","leslie","frazier","said",2
"coach","vin","lananna","said",2
"coachs","voice","head","telling",2
"cockroaches","cant","tell","judge",2
"collaborative","services","fd","fed",2
"colleagues","portlands","footwear","community",2
"collective","invective","happily","ignore",2
"collins","created","round","dining-room",2
"colors","choose","sure","stop",2
"colors","rose","coupled","dark",2
"colour","fragrant","fragrant","fish",2
"columbus","ohio","medina","lawmaker",2
"combine","together","formula","probably",2
"come","mat","kearney","andy",2
"come","reveal","immigration","status",2
"come","watch","game","get",2
"comedies","cute","athletic","funny",2
"comes","-gb","hard","drive",2
"comes","across","can","just",2
"comes","amazon","services","llc",2
"commitment","providing","highest","value",2
"common","dispute","many","older",2
"community","targeting","talent","school",2
"compact","discs","sides","need",2
"company","engaged","strategy","least",2
"company","make","billion","revenue",2
"compared","schools","similar","demographics",2
"compensatory","pick","th","overall",2
"competitive","retailers","market","concentrate",2
"complete","landscape","ecosystem","assessment",2
"completed","kings","dominant","first",2
"completely","autonomous","board","without",2
"concentrate","commitment","providing","highest",2
"confused","going","saudi","production",2
"confused","mr","tadics","democrats",2
"connected","passes","yards","four",2
"conservation","partners","invested","million",2
"conservation","projects","support","water",2
"conservation","protection","restoration","wetlands",2
"consumers","whether","good","idea",2
"contends","ravi","prejudiced","though",2
"content","appears","website","comes",2
"content","provided","subject","change",2
"continue","push","school","reform",2
"contracts","believed","board","members",2
"contributed","published","recipe","busy",2
"control","years","tonights","address",2
"controversial","phase","nightclub","ray",2
"controversial","trainer","rick","quietly",2
"conversation","upset","fact","one",2
"conversation","upset","told","friends",2
"convert","arabic","dates","western",2
"cool","thing","writers","wanted",2
"copy","bribery","act","section",2
"copyright","holders","tech","companies",2
"corinthians","-","emphasis","added",2
"corp","ended","talks","friday",2
"corp","two","people","direct",2
"cost","damage","attacks","enemies",2
"cost","nutshell","amusing","call",2
"cotta-clad","building","square","feet",2
"couldnt","care","couple","either",2
"couldnt","happen","just","heard",2
"couldnt","known","happened","today",2
"count","can","use","got",2
"count","thats","throw","changeup",2
"county","auditor","frank","russo",2
"county","middle","schools","earned",2
"coupled","dark","background","remind",2
"couples","favorite","rooms","dining",2
"course","cockroaches","cant","tell",2
"course","still","best","friends",2
"court","london","taken","gamers",2
"create","bass","gahhh","flstudios",2
"create","beat","cant","create",2
"create","disputes","someones","birthdate",2
"create","energy","team","creates",2
"created","round","dining-room","table",2
"creating","purus","giarrante","brand",2
"creating","revenue","thats","costing",2
"creating","works","good","admire",2
"creative","cause","finished","third",2
"creatures","since","chickens","showed",2
"creek","reflects","time","just",2
"crisis","threatening","class","cuts",2
"crown","prince","range","years",2
"cruddas","story","todays","papers",2
"crude","rallied","gold","slipped",2
"crumb-free","kitchen","youll","difficult",2
"crystal","cave","hollow","hills",2
"cup","mozzarella","cheese","cup",2
"cure","k","north","texas",2
"curve","addressing","financial","problems",2
"curve","going","slider","back",2
"curve","like","ok","lets",2
"customer","service","grocery","store",2
"cute","athletic","funny","popularthe",2
"cuts","argue","plan","provides",2
"cycle","seasons","repeats","hijri",2
"daddy","long","legs","th",2
"daily","racing","form","recently",2
"dairy","queen","krispy","kreme",2
"dakota","dryland","working","lands",2
"danger","things","many","substances",2
"dark","background","remind","horror",2
"date-stamped","photographs","taken","tidy",2
"date","high","school","course",2
"dates","creating","revenue","thats",2
"dates","western","calendar","islamic",2
"dave","duncan","said","told",2
"davis","added","agency","looks",2
"davis","needed","someone","run",2
"day","spxdow","ndxnaz","bonds",2
"day","throwing","lot","year",2
"day","whether","-","far",2
"days","end","trip","yeah",2
"days","see","creations","new",2
"days","shorter","gregorian","calendar",2
"dc","ch","next","three",2
"deal","extras","even","blowout",2
"deal","isnt","good","one",2
"dealerships","advertising","budget","spent",2
"dec","gerald","ford","age",2
"defazio","tried","introduce","legislation",2
"defending","super","bowl","champions",2
"defense","started","hard","find",2
"defining","feature","dressing","like",2
"delight","beauty","butterfly","rarely",2
"deliver","wetland","grassland","conservation",2
"delivered","think","best","episode",2
"democratic","party","serbia","confused",2
"democrats","outspoken","opposition","eu",2
"demographics","rank","among","top",2
"department","elementary","secondary","education",2
"department","health","human","services",2
"department","natural","resources","says",2
"depending","colors","choose","sure",2
"depends","arm","slot","feels",2
"derby","eighth","alpha","ended",2
"deserve","like","many","right-wingers",2
"designed","provide","means","sites",2
"destroying","-house","morale","might",2
"develop","changeup","didnt","want",2
"development","backstory","nothing","defining",2
"development","braeckel","packaging","procurement",2
"didnt","get","ordered","louwagie",2
"didnt","just","upset","lose",2
"didnt","taste","like","entryway",2
"didnt","want","hurt","arm",2
"didnt","want","seem","like",2
"didnt","want","us","lose",2
"different","looks","depending","colors",2
"different","official","birthdays","saudi",2
"difficult","smaller","small","brewers",2
"difficult","time","proving","werent",2
"dining-room","table","top","made",2
"dining","room","collins","created",2
"direct","knowledge","discussions","said",2
"direct","seeded","last","fall",2
"disaster","management","agency","said",2
"discredited","floyd","landis","claims",2
"discs","sides","need","go",2
"discusses","job","previous","titles",2
"discussing","issue","lawmakers","directly",2
"disgusting","three","boys","want",2
"disposal","probable","cause","said",2
"dispute","many","older","saudis",2
"disputes","someones","birthdate","trying",2
"distant","yet","vaguely","lustful",2
"division","-b","words","theyd",2
"document","infestation","date-stamped","photographs",2
"documents","least","compact","discs",2
"doesnt","help","words","actions",2
"doesnt","really","care","players",2
"dog","little","insight","flows",2
"domain","lng","exports","senators",2
"domestic","prices","undermine","us",2
"donation","newark","schools","facebook",2
"dont","care","got","scar",2
"dont","get","wrong","australia",2
"dont","go","east-west","much",2
"dont","know","ill","get",2
"dont","know","mixed","cases",2
"dont","know","mobby","stuff",2
"dont","know","pimps","-",2
"dont","know","wouldve","reacted",2
"dont","many","-year","periods",2
"dont","think","ive","ever",2
"door","closes","another","one",2
"door","longer","baker","sells",2
"doping","testosterone","use","upcoming",2
"doppelganger","close","ill","ever",2
"downside","besides","stigma","article",2
"dramatic","flyover","worlds","famous",2
"dressing","like","stripper","time",2
"drive","one","two","-gb",2
"drive","puck","net","also",2
"drives","units","use","nvidias",2
"dropped","grassy","area","alongside",2
"dryland","working","lands","northwestern",2
"dude","can","come","mat",2
"dullahan","fourth","take","charge",2
"duncan","said","told","say",2
"dutrow","son","influential","trainer",2
"dutrow","sr","brother","sports",2
"e","dutrow","sr","brother",2
"e","t","w","e",2
"earlier","quarter","knew","couldnt",2
"earlier","week","told","conversation",2
"earls","court","london","taken",2
"earn","advertising","fees","advertising",2
"earned","api","similar","school",2
"earned","api","similar","schools",2
"earrings","show","affiliation","tea",2
"earthquake","thisthis","guy","knows",2
"easier","open","jar","right-handed",2
"easier","tighten","jar","afterwards",2
"east-west","much","kind","drive",2
"eastern","tennessee","mother","said",2
"ecosystem","assessment","nebraskas","rainwater",2
"eden","work","take","care",2
"editorial","page","local","paper",2
"editorial","space","give","hedgecock",2
"education","commissioner","christopher","cerf",2
"education","secretary","arne","duncan",2
"education","urd","given","will",2
"education","will","continue","push",2
"edwards","envisions","colleagues","portlands",2
"effectively","managed","sometimes","made",2
"efforts","promote","sustainable","agriculture",2
"eight","points","second","half",2
"eighth","alpha","ended","th",2
"either","going","-","curve",2
"eligible","derby","eighth","alpha",2
"elizabeth","warren","obtained","associated",2
"elliott","high","kopitars","second",2
"ellyssa","kroski","t","training",2
"else","can","tell","said",2
"emergency","management","agency","will",2
"eminent","domain","lng","exports",2
"empty","dates","creating","revenue",2
"enacting","reforms","system","languished",2
"end","era","signalled","fully",2
"end","facebooks","valuation","require",2
"end","trip","yeah","chk",2
"end","zone","open","scoring",2
"endearing","exciting","totally","disgusting",2
"ended","talks","friday","sell",2
"ended","th","daddy","long",2
"ends","feelings","never","explained",2
"endure","editorial","page","local",2
"energy","analysts","mf","global",2
"energy","team","creates","chances",2
"enforcement","review","board","said",2
"enough","guy","just","freezes",2
"envisions","colleagues","portlands","footwear",2
"epitimy","type","guy","every",2
"equal","parts","endearing","exciting",2
"equally","large","thank","booked",2
"er","havent","fallen","face",2
"era","signalled","fully","retirement",2
"eric","shenkus","told","judge",2
"estate","experts","said","terra",2
"eu","associates","programmes","designed",2
"eu","content","provided","subject",2
"eurogamer","expo","hit","town",2
"even","blowout","deal","isnt",2
"even","getting","right","thing",2
"even","happens","really","relationship",2
"even","low","end","facebooks",2
"evenings","around","weve","suffered",2
"event","ale","stars","friends",2
"every","girl","secretly","otherwise",2
"everyone","use","last","names",2
"evidence","raised","inference","jury",2
"ew","aromas","combine","together",2
"example","usfws","nrcs","conservation",2
"except","last","two","cranberries",2
"exceptional","lively","atmosphere","local",2
"exciting","totally","disgusting","three",2
"executing","whats","head","creating",2
"executives","innovations","division","-b",2
"exhausting","task","improving","quality",2
"exhibit","shows","letter","written",2
"expensive","run","canning","line",2
"experts","said","terra","cotta-clad",2
"explained","nothing","even","happens",2
"exports","raise","domestic","prices",2
"exports","senators","ron","wyden",2
"expressed","opposition","terminals","potential",2
"extended","lead","remaining","wicked",2
"extent","possible","order","offset",2
"extras","even","blowout","deal",2
"eyes","just","look","past",2
"face","planet","blog","lack",2
"facebook","founder","mark","zuckerberg",2
"facebooks","revenue","billion","profit",2
"facebooks","valuation","require","company",2
"fact","falling","love","shu",2
"fact","one","mentioned","psalm",2
"fact","ramped","full","extent",2
"falcons","team","nfl","history",2
"fall","asleep","sad","pathetic",2
"fallen","face","planet","blog",2
"falling","love","shu","never",2
"family","members","individuals","contracts",2
"far","throw","mph","mph",2
"father","renowned","florentine","historian",2
"favorite","candy","bar","take",2
"favorite","rooms","dining","room",2
"fbis","terrorism","task","force",2
"feature","dressing","like","stripper",2
"february","anniversary","versatile","set",2
"federal","agencies","made","substantial",2
"feel","sadness","pour","pages",2
"feel","welcome","unless","can",2
"feeling","good","really","good",2
"feeling","sorry","trouble","executing",2
"feelings","never","explained","nothing",2
"feels","right","day","whether",2
"fees","advertising","linking","amazoncom",2
"feet","inches","tall","pounds",2
"feet","offices","plus","three",2
"felt","really","believable","just",2
"fewells","bunch","sort","safety",2
"fiber","mg","sodium","mg",2
"fifth","optimizer","needs","one",2
"filed","chapter","bankruptcy","protection",2
"filed","state","senator","district",2
"financial","corp","ended","talks",2
"financial","corp","two","people",2
"financial","problems","said","kathleen",2
"find","easier","tighten","jar",2
"find","nc","little","munchkins",2
"finds","easier","open","jar",2
"finished","third","dullahan","fourth",2
"first","approved","prevent","healthy",2
"first","three","months","year",2
"first","time","five","years",2
"fiscal","uncertainty","move","forward",2
"fish","stalls","ew","aromas",2
"fishman","said","news","conference",2
"fitzgerald","submitted","proposal","metrohealth",2
"flavor","didnt","taste","like",2
"flaws","dont","care","got",2
"fleas","snails","spiders","yard",2
"floors","converted","hotel","apartments",2
"florence","father","renowned","florentine",2
"flour","baking","powder","baking",2
"flows","poison","pen","syndicated",2
"floyd","landis","claims","armstrong",2
"flyover","worlds","famous","skyline",2
"focused","education","will","continue",2
"food","intolerance","symptoms","generally",2
"footwear","community","targeting","talent",2
"force","right-handed","person","however",2
"foreal","man","didnt","remember",2
"forever","block","stamp","heritage",2
"form","recently","last","name",2
"former","county","auditor","frank",2
"former","editor","news","world",2
"formula","probably","stayed","much",2
"fort","morgan","frederick","alex",2
"forum","richly","deserve","like",2
"forward","better","prosperous","future",2
"forward","discussing","issue","lawmakers",2
"founder","mark","zuckerberg","booker",2
"four","months","later","plan",2
"four","weeks","withdrawal","revenge",2
"four","years","california","state",2
"fourth","take","charge","indy",2
"fox","news","anyone","tv",2
"fpdc","sk","open","sc",2
"fragrant","fish","stalls","ew",2
"fragrant","fragrant","fish","stalls",2
"frederick","alex","tesone","field",2
"free","contraceptives","save","money",2
"free","throw","earlier","quarter",2
"french","kind","wonderful","produce",2
"fresh","prom","hundreds","neon-",2
"freshman","center","alex","len",2
"friday","pm","saturday","sunday",2
"friday","sell","morgan","keegan",2
"friday","th","wasnt","year",2
"friends","conversation","upset","fact",2
"friends","secretly","booked","brewers",2
"full","extent","possible","order",2
"fully","retirement","joe","mercer",2
"funny","popularthe","epitimy","type",2
"future","enacting","reforms","system",2
"g","batchelder","became","ohios",2
"g","carbohydrate","g","g",2
"g","carbohydrate","g","sugar",2
"g","sugar","g","fiber",2
"game","get","party","time",2
"game","night","ur","austreamso",2
"game","sort","depends","arm",2
"game","will","take","place",2
"game","worldseries","come","watch",2
"gamers","hugely","popular","eurogamer",2
"games","see","nice","heart",2
"garden","eden","work","take",2
"garden","house","guess","rebuild",2
"gas","exports","raise","domestic",2
"gathered","campus","hear","seven",2
"gave","anything","care","aside",2
"geforce","pci-express","graphics","card",2
"general","manager","brian","cashman",2
"generous","deal","extras","even",2
"get","buy","want","need",2
"get","check","create","energy",2
"get","couple","billion","dollars",2
"get","lower","price","seller",2
"get","ordered","louwagie","said",2
"get","party","time","will",2
"get","real","rewards","just",2
"get","wrong","australia","rocks",2
"gets","wants","wonder","theres",2
"getting","tweet","make","nightmiobi",2
"giarrante","brand","development","braeckel",2
"giarrante","mark","braeckel","whod",2
"girl","secretly","otherwise","wanted",2
"give","hedgecock","forum","richly",2
"give","us","call","--",2
"given","will","cause","bit",2
"go","big","go","home",2
"go","east-west","much","kind",2
"go","grocery","store","without",2
"going","-","curve","going",2
"going","holy","theyre","good",2
"going","make","something","sweet",2
"going","saudi","production","whether",2
"going","slider","back","now",2
"going","wildwood","ritual","soon--graduate",2
"gold","slipped","usd","lower",2
"good","couldnt","known","happened",2
"good","eyes","just","look",2
"good","good","kids","georgiopoulos",2
"good","idea","vending","machines",2
"good","kids","georgiopoulos","said",2
"good","one","high","school",2
"good","one","overbuy","get",2
"goodell","doesnt","really","care",2
"gosh","hate","knows","plays",2
"got","-","count","thats",2
"got","action","can","also",2
"got","away","either","going",2
"got","sad","stormed","much",2
"got","scar","nose","like",2
"govern","likely","need","join",2
"government","build","case","kisbys",2
"government","can","tell","us",2
"grade","one","lexus","chase",2
"grade","school","high","school",2
"graders","pacific","science","center",2
"graduated","school","eastern","tennessee",2
"graduated","university","missouri-st","louis",2
"grams","protein","per","day",2
"graphics","card","lets","users",2
"grassland","conservation","projects","support",2
"grassland","restoration","migratory","bird",2
"grasslands","wildlife","habitat","example",2
"grassy","area","alongside","back",2
"green","bay","packers","play",2
"gregorian","calendar","used","west",2
"grocery","store","without","list",2
"grounding","end","zone","open",2
"group","led","march","campus",2
"grow","cheeks","says","hello",2
"guess","armstrong","will","admit",2
"guess","rebuild","sarkissian","quiet",2
"guess","tried","summer","aint",2
"guide","career","path","college",2
"guy","every","girl","secretly",2
"guy","knows","gosh","hate",2
"gym","muay","thai","training",2
"ha","ha","nah","just",2
"ha","nah","just","normal",2
"habitat","example","usfws","nrcs",2
"habitat","protection","north","south",2
"hahaha","long","story","stairs",2
"half","blocked","two","shots",2
"hamilton","lying","sell","book",2
"hands","parties","democratic","party",2
"handy","hes","poring","peter",2
"hang","going","make","something",2
"hansen","held","union","rags",2
"happen","just","heard","coachs",2
"happens","really","relationship","couldnt",2
"happily","ignore","must","endure",2
"happy","cinco","de","mayo",2
"happy","mothers","day","moms",2
"happy","mothers","day","thanks",2
"hard","believe","months","ago",2
"hard","believe","never","give",2
"hard","drive","one","two",2
"hard","drives","units","use",2
"hard","find","nc","little",2
"harris","owner","controversial","phase",2
"hasnt","cleared","return","thunder",2
"hasnt","seen","little","creatures",2
"hasnt","simply","held","castle",2
"hate","knows","plays","make",2
"havent","fallen","face","planet",2
"hawks","coach","larry","drew",2
"head","coach","john","fox",2
"head","creating","works","good",2
"head","cure","k","north",2
"headed","koningstraat","looking","bakers",2
"healthy","people","becoming","infected",2
"heaphy","us","attorney","western",2
"hear","seven","students","come",2
"heard","coachs","voice","head",2
"heart","pounds","chest","see",2
"heat","add","onion","saute",2
"heat","oil","non-stick","pan",2
"heated","things","brought","along",2
"hedgecock","forum","richly","deserve",2
"hedgecock","just","another","dog",2
"held","castle","ransom","gets",2
"held","union","rags","winning",2
"hell","larger","today","yesterday",2
"hello","arms","hugged","almost",2
"help","words","actions","people",2
"helping","guide","career","path",2
"hennessy","gold","cup","newbury",2
"heres","statistical","oddity","brewers",2
"heritage","law","school","directories",2
"heritage","roses","shades","red",2
"heritage","scrutiny","surfaced","listed",2
"hes","poring","peter","cruddas",2
"hes","son","coul","everyone",2
"high","kopitars","second","night",2
"high","school","boys","makes",2
"high","school","boys","might",2
"high","school","course","still",2
"high","school","graduated","school",2
"high","school","juniors","seniors",2
"high","school","started","really",2
"high","school","students","fresh",2
"higher","obp","slugging","pctg",2
"highest","value","widest","selection",2
"highway","traffic","safety","administration",2
"hijri","calendar","-","days",2
"hijri","calendar","every","islamic",2
"history","apparent","time","although",2
"history","score","points","playoff",2
"hlias","iliopoulos","good","good",2
"holy","theyre","good","couldnt",2
"home","love","things","dairy",2
"honest","opinion","legitimate","im",2
"honestly","cant","tell","writers",2
"hopefully","unintentional","doppelganger","close",2
"horse","pull","eligible","derby",2
"hospitals","children","international","pediatric",2
"hospitals","level","ii","trauma",2
"hours","good","days","nap",2
"house","guess","rebuild","sarkissian",2
"house","speaker","last","week",2
"however","right-handed","person","will",2
"however","something","marche","proveneal",2
"hssh","earlier","week","told",2
"hugely","popular","eurogamer","expo",2
"hugged","almost","made","fall",2
"humiliate","roommate","lawyer","contends",2
"hundreds","neon-","t-shirts","sweat",2
"hurt","arm","kind","got",2
"husband","actually","three","different",2
"idea","everyone","use","last",2
"idea","vending","machines","recurring",2
"ie","slashing","staff","destroying",2
"ignore","must","endure","editorial",2
"iliopoulos","good","good","kids",2
"iliopoulos","hlias","iliopoulos","good",2
"ill","never","let","go",2
"im","just","blown","away",2
"im","pretty","sure","know",2
"im","really","looking","forward",2
"im","trying","avoid","using",2
"immigration","enforcement","review","board",2
"immigration","status","group","led",2
"improving","quality","prosecution","product",2
"incorporated","item","c-","pp",2
"individual","federal","agencies","made",2
"individuals","contracts","believed","board",2
"indy","fifth","optimizer","needs",2
"infected","virus","causes","aids",2
"infestation","date-stamped","photographs","taken",2
"influential","trainer","richard","e",2
"infringes","upon","civil","liberties",2
"innovations","division","-b","words",2
"inori","personality","none","character",2
"insight","flows","poison","pen",2
"intend","spending","lot","time",2
"intentional","grounding","end","zone",2
"intentionally","set","webcam","humiliate",2
"interim","solution","maintain","access",2
"international","pediatric","specialty","health",2
"interview","w","ellyssa","kroski",2
"introduce","legislation","block","use",2
"inv","v","mayo","collaborative",2
"invective","happily","ignore","must",2
"invest","approximately","million","annually",2
"invested","million","complete","landscape",2
"invested","million","grassland","restoration",2
"investigators","looking","careless","disposal",2
"investments","long-term","efforts","promote",2
"islamic","calendar","purely","based",2
"isnt","good","one","overbuy",2
"isnt","just","trying","stir",2
"isnt","wall","isnt","just",2
"issued","article","kleins","said",2
"item","c-","pp","-",2
"items","get","lower","price",2
"ive","seen","four","years",2
"ive","told","job","opinion",2
"james","called","hssh","earlier",2
"japans","disaster","management","agency",2
"jar","right-handed","person","can",2
"jay","lustig","-","jlustigstarledgercom",2
"jeff","carter","extended","lead",2
"jeff","merkley","expressed","opposition",2
"jersey","city","police","department",2
"jim","parsons","big","bang",2
"job","almost","much","hate",2
"job","opinion","dave","duncan",2
"job","previous","titles","tech",2
"joe","mercer","announced","barely",2
"john","giarrante","mark","braeckel",2
"join","hands","parties","democratic",2
"jon","harris","owner","controversial",2
"journal","proceedings","national","academy",2
"judge","took","months","government",2
"judge","whose","neglect","made",2
"just","another","dog","little",2
"just","can","try","bundle",2
"just","cant","seem","find",2
"just","dont","feel","like",2
"just","dont","many","-year",2
"just","feel","sadness","pour",2
"just","generally","faffing","around",2
"just","heard","coachs","voice",2
"just","kinda","ends","feelings",2
"just","like","everyone","else",2
"just","like","old","times",2
"just","like","open","copy",2
"just","look","past","flaws",2
"just","minute","later","completed",2
"just","normal","day","lol",2
"just","sittin","bench","bruno",2
"just","trying","stir","bunch",2
"just","upset","lose","garden",2
"justify","even","low","end",2
"karen","ann","quinlan","hospice",2
"kathleen","cerveny","senior","adviser",2
"kearney","andy","grammer","opening",2
"keegan","brokerage","st","louis-based",2
"keek","can","watch","games",2
"keir","handy","hes","poring",2
"kevin","durant","serge","ibaka",2
"key","avian","species","dependent",2
"kind","drive","puck","net",2
"kind","got","away","either",2
"kind","wonderful","produce","exceptional",2
"kinda","ends","feelings","never",2
"kisbys","attorney","steve","scheffler",2
"kitchen","youll","difficult","time",2
"kleins","said","aware","competitive",2
"knew","couldnt","happen","just",2
"know","hang","going","make",2
"know","mixed","cases","whether",2
"know","mobby","stuff","works",2
"know","pimps","-","people",2
"know","wouldve","reacted","hopefully",2
"knows","gosh","hate","knows",2
"knows","plays","make","flirtatious",2
"knows","whats","going","happen",2
"koningstraat","looking","bakers","shop",2
"kopitars","second","night","just",2
"kreme","never","piece","old",2
"krispy","kreme","never","piece",2
"kroski","t","training","wwwtisfortrainingwordpresscom",2
"labs","inv","v","mayo",2
"lack","updated","shop","may",2
"lady","cake","flavor","didnt",2
"landis","claims","armstrong","similar",2
"lands","northwestern","plains","blm",2
"landscape","ecosystem","assessment","nebraskas",2
"languished","state","control","years",2
"large","thank","booked","came",2
"larger","natural","cyclical","periodicity",2
"larger","today","yesterday","many",2
"last","name","hinderance","recent",2
"last","names","verbs","still",2
"last","night","got","sad",2
"last","two","cranberries","tablespoon",2
"last","week","peak","long",2
"last","year","percent","used",2
"late","june","early","july",2
"late","s","missouri","quail",2
"later","blocked","nearby","street",2
"later","completed","kings","dominant",2
"later","plan","wednesday","evenings",2
"lawmaker","william","g","batchelder",2
"lawyer","contends","ravi","prejudiced",2
"lead","remaining","wicked","wrist",2
"leaf","blower","perfect","soundtrack",2
"least","compact","discs","sides",2
"led","-","one","quarter",2
"led","march","campus","later",2
"left-handed","person","finds","easier",2
"legislation","block","use","eminent",2
"legitimate","im","going","argue",2
"legs","th","prospective","last",2
"leipsic","said","dont","go",2
"len","also","eight","points",2
"les","filles","de","mardi",2
"let","us","know","think",2
"lets","go","lets","go",2
"lets","put","aside","fact",2
"lets","sure","enough","guy",2
"lets","users","surf","web",2
"letter","written","patton","members",2
"level","ii","trauma","center",2
"level","mp","cost","damage",2
"libyan","production","shortfall","said",2
"lie","meek","silence","floor",2
"life","struck","earthquake","thisthis",2
"like-minded","obama-haters","can","assemble",2
"like","charlie","chocolate","factory",2
"like","many","right-wingers","hedgecock",2
"like","ok","lets","sure",2
"like","open","copy","bribery",2
"like","stripper","time","whatever",2
"like","video","games","see",2
"likely","dropped","grassy","area",2
"likely","need","join","hands",2
"line","may","make","difficult",2
"lines","leipsic","said","dont",2
"linking","amazoncom","amazonca","amazoncouk",2
"list","never","got","around",2
"listed","native","heritage","law",2
"listen","now","win","cash",2
"listening","flash","dance","maniac",2
"little","cigars","smokeless","tobacco",2
"little","city","theatre","huzzah",2
"little","creatures","since","chickens",2
"little","insight","flows","poison",2
"little","life","without","thought",2
"little","munchkins","know","hang",2
"lively","atmosphere","local","colour",2
"llc","amazon","eu","associates",2
"llc","andor","amazon","eu",2
"lng","exports","senators","ron",2
"lobbyist","office","jeremy","hunt",2
"local","beer","lovers","took",2
"local","colour","fragrant","fragrant",2
"lol","rt","rainy","days",2
"london","taken","gamers","hugely",2
"long-term","efforts","promote","sustainable",2
"long","legislative","career","dating",2
"long","legs","th","prospective",2
"long","story","stairs","one",2
"long","term","economic","value",2
"longer","baker","sells","antiques",2
"look","past","flaws","dont",2
"looking","bakers","shop","number",2
"looking","band","going","holy",2
"looking","careless","disposal","probable",2
"looking","forward","seeing","new",2
"looks","creek","reflects","time",2
"looks","depending","colors","choose",2
"looks","forward","discussing","issue",2
"lord","took","man","put",2
"los","angeles","orange","county",2
"lose","garden","house","guess",2
"lose","westbrook","said","missed",2
"lost","ticks","crude","rallied",2
"lot","time","money","south",2
"lot","year","always","count",2
"louis-based","stifel","financial","corp",2
"louwagie","said","showcases","true",2
"love","get","check","create",2
"love","love","love","love",2
"love","saved","matter","water",2
"love","shu","never","felt",2
"love","things","dairy","queen",2
"love","voice","hair","awsome",2
"love","will","tear","us",2
"love","youplz","answer","b",2
"lovers","took","bit","chance",2
"low","anyway","doesnt","help",2
"low","end","facebooks","valuation",2
"lower","price","seller","might",2
"lucky","didnt","just","upset",2
"lunar","hijri","calendar","-",2
"lying","guess","armstrong","will",2
"lying","sell","book","discredited",2
"macdonald","adding","likely","dropped",2
"machine","contents","extremely","cumbersome",2
"machines","recurring","mechanical","problems",2
"made","falcons","team","nfl",2
"made","fall","asleep","sad",2
"made","feel","even","better",2
"made","feel","welcome","unless",2
"made","national","bundt","day",2
"made","substantial","investments","long-term",2
"maintain","access","students","need",2
"maintaining","profit","margins","facebooks",2
"make","billion","revenue","within",2
"make","difficult","smaller","small",2
"make","nightmiobi","taught","dreamsily",2
"make","something","sweet","take",2
"make","sure","yall","check",2
"makes","equal","parts","endearing",2
"makes","feel","little","better",2
"makes","laugh","every","time",2
"makes","want","say","bad",2
"making","argument","time","prepare",2
"male","-","years","old",2
"male","male","-","years",2
"man","put","garden","eden",2
"manage","tear","away","exhausting",2
"managed","sometimes","made","feel",2
"management","key","avian","species",2
"management","soil","conservation","protection",2
"manning","called","intentional","grounding",2
"many","-year","periods","life",2
"many","different","looks","depending",2
"many","empty","dates","creating",2
"many","local","beer","lovers",2
"many","older","saudis","husband",2
"many","right-wingers","hedgecock","just",2
"many","substances","around","truly",2
"many","us","praydavid","smithers",2
"march","campus","later","blocked",2
"marche","proveneal","thats","uniquely",2
"margins","facebooks","revenue","billion",2
"margs","beers","delicious","food",2
"mark","braeckel","whod","executives",2
"mark","zuckerberg","booker","said",2
"market","concentrate","commitment","providing",2
"market","intend","spending","lot",2
"markets","however","something","marche",2
"markets","somewhat","confused","going",2
"mars","walks","dragging","piano",2
"marylands","child","reporting","law",2
"mat","kearney","andy","grammer",2
"math","city","math","math",2
"may","make","difficult","smaller",2
"may","suggest","feeling","sorry",2
"mayo","clinic","rochester","minn",2
"mayo","collaborative","services","fd",2
"meaning","compared","schools","similar",2
"means","sites","earn","advertising",2
"meant","care","honestly","cant",2
"mechanical","problems","process","accessing",2
"median","sales","prices","vacant",2
"medicine","mayo","clinic","rochester",2
"medina","lawmaker","william","g",2
"melbourne","queen","vic","markets",2
"members","individuals","contracts","believed",2
"members","st","tank","battalion",2
"mentioned","psalm","chapter","brought",2
"mercado","santa","monica","newly",2
"mercer","announced","barely","thirty",2
"merkley","expressed","opposition","terminals",2
"merry","christmas","merry","christmas",2
"met","john","giarrante","mark",2
"metrohealth","receive","million","next",2
"metrohealth","receiving","million","year",2
"mf","global","woodside","petroleum",2
"mg","cholesterol","mg","sodium",2
"mg","sodium","mg","calcium",2
"middle","high","school","students",2
"might","just","like","open",2
"might","move","nckinda","excited",2
"might","see","sitcoms","romantic",2
"might","try","get","buy",2
"migratory","bird","habitat","protection",2
"miles","osei","took","snaps",2
"million","annually","rainwater","basin",2
"million","complete","landscape","ecosystem",2
"million","donation","newark","schools",2
"million","grassland","restoration","migratory",2
"million","million","last","year",2
"million","next","year","metrohealth",2
"minister","charge","deciding","whether",2
"minute","later","completed","kings",2
"missed","free","throw","earlier",2
"missouri","department","elementary","secondary",2
"mixed","cases","whether","youre",2
"mma","gym","muay","thai",2
"moment","looks","creek","reflects",2
"moment","ur","park","just",2
"money","south","melbourne","queen",2
"monica","newly","opened","samo",2
"month","offrevengereturned","week","quickly",2
"months","ago","scoffed","previews",2
"months","government","build","case",2
"months","later","plan","wednesday",2
"months","sell","homes","listed",2
"moon","take","account","seasons",2
"morale","might","just","like",2
"morgan","frederick","alex","tesone",2
"morgan","keegan","brokerage","st",2
"morning","setting","stage","dramatic",2
"morningstars","mr","summer","said",2
"mother","said","graduated","university",2
"move","forward","better","prosperous",2
"move","nckinda","excited","happens",2
"mozzarella","cheese","cup","cheddar",2
"mp","cost","damage","attacks",2
"mph","mph","range","think",2
"mph","range","think","versus",2
"mr","summer","said","way",2
"mr","tadics","democrats","outspoken",2
"much","fun","last","night",2
"much","kind","drive","puck",2
"multiples","favorite","candy","bar",2
"munchkins","know","hang","going",2
"must","endure","editorial","page",2
"nah","just","normal","day",2
"name","hinderance","recent","years",2
"names","verbs","still","makes",2
"national","association","realtors","said",2
"national","highway","traffic","safety",2
"native","heritage","law","school",2
"natures","little","pest","controllers",2
"nba","commissioner","david","stern",2
"nc","little","munchkins","know",2
"ndxnaz","bonds","lost","ticks",2
"nearby","rivoli","opened","place",2
"nearby","street","police","told",2
"nearly","races","-year","career",2
"nearly","three","years","ago",2
"nebraskas","rainwater","basin","nrcs",2
"need","go","newspaper","reported",2
"need","join","hands","parties",2
"need","keir","handy","hes",2
"need","offering","generous","deal",2
"needed","someone","run","met",2
"needs","one","horse","pull",2
"neglect","made","feel","welcome",2
"neighbors","didnt","want","traffic",2
"neon-","t-shirts","sweat","shirts",2
"net","also","skill","love",2
"never","explained","nothing","even",2
"never","felt","really","believable",2
"never","gave","anything","care",2
"never","piece","old","lady",2
"new","air-conditioned","mario","bros",2
"new","collective","bargaining","agreement",2
"new","jersey","new","york",2
"new","pre-owned","vehicle","customer",2
"new","weekly","recap","hard",2
"new","york","daily","news",2
"new","york","stock","exchange",2
"newark","liberty","international","airport",2
"newark","schools","facebook","founder",2
"newly","opened","samo","spot",2
"news","anyone","tv","strong",2
"newspaper","south","carolina","greenville",2
"newt","gingrich","rick","santorum",2
"next","days","see","creations",2
"next","six","seven","years",2
"next","three","five","years",2
"next","year","metrohealth","receiving",2
"nfl","history","score","points",2
"nice","heart","pounds","chest",2
"nice","job","protecting","football",2
"night","convincing","-","victory",2
"night","got","sad","stormed",2
"night","just","minute","later",2
"night","ur","austreamso","can",2
"nightclub","ray","road","-",2
"nightmiobi","taught","dreamsily","guysuf",2
"nine","ten","months","ago",2
"ninety","percent","dealerships","advertising",2
"nl","-star","higher","obp",2
"none","character","development","backstory",2
"normal","day","lol","laughed",2
"north","south","dakota","dryland",2
"northwestern","plains","blm","invested",2
"nose","like","video","games",2
"notes","expensive","run","canning",2
"nothing","defining","feature","dressing",2
"nothing","even","happens","really",2
"nouns","purchased","magnetic","folding",2
"now","broadcasting","wwwgetrichradiocom","communication",2
"now","got","action","can",2
"now","looking","forward","seeing",2
"now","win","cash","prize",2
"now","yes","suppose","somewhat",2
"nrcs","conservation","partners","invested",2
"nrcs","usfws","invest","approximately",2
"nuclear","program","peaceful","purposes",2
"number","built","stone","sculpture",2
"number","spiked","slipped","steadily",2
"nutshell","amusing","call","education",2
"nvidias","geforce","pci-express","graphics",2
"obama-haters","can","assemble","spew",2
"obtained","associated","press","thursday",2
"odd","wizard","hasnt","simply",2
"oddity","brewers","struggling","b",2
"offering","generous","deal","extras",2
"offering","reward","information","leading",2
"offices","plus","three","basement",2
"official","birthdays","saudi","arabia",2
"offrevengereturned","week","quickly","heated",2
"offset","libyan","production","shortfall",2
"oh","brought","rain","lol",2
"oh","yes","oh","yes",2
"ohio","medina","lawmaker","william",2
"ohios","st","house","speaker",2
"ok","lets","sure","enough",2
"old","common","dispute","many",2
"old","lady","cake","flavor",2
"old","tv","set","sigh",2
"older","saudis","husband","actually",2
"olive","trees","linked","provision",2
"one","asked","consumers","whether",2
"one","couples","favorite","rooms",2
"one","door","closes","another",2
"one","exhibit","shows","letter",2
"one","get","one","free",2
"one","high","school","started",2
"one","horse","pull","eligible",2
"one","lexus","chase","leopardstown",2
"one","mentioned","psalm","chapter",2
"one","new","years","eve",2
"one","quarter","-","halftime",2
"one","things","really","enjoy",2
"one","time","outside","old",2
"one","two","-gb","hard",2
"open","copy","bribery","act",2
"open","jar","right-handed","person",2
"open","pm","serving","margs",2
"open","scoring","second","quarter",2
"opened","place","nearly","three",2
"opened","samo","spot","people",2
"opinion","dave","duncan","said",2
"opinion","legitimate","im","going",2
"opportunity","cost","nutshell","amusing",2
"opportunity","ive","seen","four",2
"opposition","terminals","potential","gas",2
"optimizer","needs","one","horse",2
"orchestra","way","ahead","curve",2
"order","offset","libyan","production",2
"ordered","louwagie","said","showcases",2
"oregon","challenged","position","us",2
"os","working","top","picks",2
"osei","took","snaps","carried",2
"otherwise","wanted","date","high",2
"outside","old","tv","set",2
"outspoken","opposition","eu","membership",2
"overall","compensatory","pick","th",2
"overall","pick","first","round",2
"owner","controversial","phase","nightclub",2
"pacific","science","center","hours",2
"packaging","procurement","see","scrapped",2
"page","local","paper","well",2
"pages","documents","least","compact",2
"park","just","sittin","bench",2
"parsons","big","bang","theory",2
"participant","amazon","services","llc",2
"parties","democratic","party","serbia",2
"partners","invested","million","grassland",2
"partnership","deliver","wetland","grassland",2
"parts","endearing","exciting","totally",2
"party","serbia","confused","mr",2
"party","time","will","rooting",2
"passes","yards","four","catches",2
"past","flaws","dont","care",2
"pat","taaffe","handicap","chase",2
"path","college","perhaps","jobs",2
"pathetic","life","struck","earthquake",2
"patton","members","st","tank",2
"pci-express","graphics","card","lets",2
"peak","long","legislative","career",2
"pediatric","specialty","health","care",2
"pen","syndicated","radio","show",2
"people","becoming","infected","virus",2
"people","brought","yxta","will",2
"people","canada","suspect","hockey",2
"people","comes","across","can",2
"people","direct","knowledge","discussions",2
"percent","academically","almost","two-thirds",2
"percent","dealerships","advertising","budget",2
"person","can","supply","stronger",2
"person","finds","easier","open",2
"person","however","right-handed","person",2
"person","will","find","easier",2
"personality","none","character","development",2
"peter","cruddas","story","todays",2
"peter","defazio","tried","introduce",2
"phase","nightclub","ray","road",2
"photo","now","yes","suppose",2
"photographs","taken","tidy","crumb-free",2
"pick","th","overall","compensatory",2
"piece","old","lady","cake",2
"pimps","-","people","canada",2
"pink","february","anniversary","versatile",2
"pivots","resistance","pivots","short",2
"place","nearly","three","years",2
"plagued","fleas","snails","spiders",2
"plains","blm","invested","million",2
"plan","provides","interim","solution",2
"plan","wednesday","evenings","around",2
"planet","blog","lack","updated",2
"play","bullpen","game","sort",2
"play","straight","lines","leipsic",2
"played","receiver","connected","passes",2
"playoffs","home","games","-seat",2
"plays","make","flirtatious","jokes",2
"plus","three","basement","floors",2
"pm","last","admission","pm",2
"pm","serving","margs","beers",2
"points","rebounds","percent","field",2
"points","second","half","blocked",2
"poison","pen","syndicated","radio",2
"police","told","leave","hernandez",2
"political","future","enacting","reforms",2
"popular","eurogamer","expo","hit",2
"popularthe","epitimy","type","guy",2
"poring","peter","cruddas","story",2
"port","authority","new","york",2
"portlands","footwear","community","targeting",2
"position","us","rep","peter",2
"possible","order","offset","libyan",2
"potential","gas","exports","raise",2
"pounds","chest","see","shyness",2
"pour","sterilised","jars","seal",2
"precious","little","city","theatre",2
"prejudiced","though","acted","childish",2
"prepare","arnos","attorney","eric",2
"president","barack","obama","said",2
"president","barack","obamas","health",2
"president","chief","executive","officer",2
"president","stephen","sweeney","d-gloucester",2
"press","thursday","warrens","heritage",2
"pretty","low","anyway","doesnt",2
"prevent","healthy","people","becoming",2
"preview","precious","little","city",2
"previews","revenge","four","months",2
"previous","titles","tech","set",2
"price","seller","might","try",2
"prices","undermine","us","energy",2
"prices","vacant","units","number",2
"prime","minister","benjamin","netanyahu",2
"prince","range","years","old",2
"priority","bookers","second","term",2
"probable","cause","said","macdonald",2
"probably","stayed","much","decades",2
"problem","many","empty","dates",2
"problem","program","apparently","one",2
"problems","process","accessing","vending",2
"problems","said","kathleen","cerveny",2
"process","accessing","vending","machine",2
"produce","exceptional","lively","atmosphere",2
"product","promotes","ie","slashing",2
"production","shortfall","said","energy",2
"production","whether","fact","ramped",2
"profit","margins","facebooks","revenue",2
"program","apparently","one","asked",2
"programmes","designed","provide","means",2
"programs","best","customer","service",2
"programs","helping","guide","career",2
"progressives","govern","likely","need",2
"projects","support","water","management",2
"prom","hundreds","neon-","t-shirts",2
"prometheus","labs","inv","v",2
"promote","sustainable","agriculture","water",2
"promotes","ie","slashing","staff",2
"proper","nouns","purchased","magnetic",2
"proper","way","put","back",2
"proposal","metrohealth","receive","million",2
"proposal","passes","house","sorry",2
"prosecution","product","promotes","ie",2
"prosecutors","allege","ravi","intentionally",2
"protection","north","south","dakota",2
"protection","restoration","wetlands","grasslands",2
"proveneal","thats","uniquely","french",2
"provide","means","sites","earn",2
"provided","subject","change","removal",2
"provides","interim","solution","maintain",2
"providing","highest","value","widest",2
"proving","werent","partly","responsible",2
"pru","problem","many","empty",2
"psalm","chapter","brought","air",2
"pss","equally","large","thank",2
"public","health","advisory","board",2
"published","recipe","busy","day",2
"puck","net","also","skill",2
"pull","eligible","derby","eighth",2
"pulling","distant","yet","vaguely",2
"purchased","magnetic","folding","one",2
"purely","based","moon","take",2
"purus","giarrante","brand","development",2
"push","school","reform","single",2
"put","garden","eden","work",2
"put","keek","can","watch",2
"quality","prosecution","product","promotes",2
"quarter","knew","couldnt","happen",2
"quarter","made","falcons","team",2
"quarterback","miles","osei","took",2
"queen","krispy","kreme","never",2
"queen","vic","markets","however",2
"questions","one","person","asked",2
"quickly","heated","things","brought",2
"quiet","moment","looks","creek",2
"quietly","won","nearly","races",2
"r","e","t","w",2
"race","creative","cause","finished",2
"races","-year","career","told",2
"racing","form","recently","last",2
"radio","show","like-minded","obama-haters",2
"rags","winning","th-mile","race",2
"rain","lol","rt","rainy",2
"rainwater","basin","nrcs","usfws",2
"rainwater","basin","venture","partnership",2
"rainy","days","end","trip",2
"raise","domestic","prices","undermine",2
"raised","inference","jury","applied",2
"raised","online","donations","help",2
"rallied","gold","slipped","usd",2
"ramped","full","extent","possible",2
"range","think","versus","tulsa",2
"range","years","old","common",2
"rank","among","top","percent",2
"ransom","gets","wants","wonder",2
"rarely","admit","changes","gone",2
"rate","-year","fixed","mortgage",2
"ravi","intentionally","set","webcam",2
"ravi","prejudiced","though","acted",2
"ray","road","-","filed",2
"reacted","hopefully","unintentional","doppelganger",2
"readily","available","fox","news",2
"real","estate","experts","said",2
"real","estate","investment","firm",2
"real","rewards","just","watching",2
"really","believable","just","kinda",2
"really","develop","changeup","didnt",2
"really","dont","know","mobby",2
"really","really","really","really",2
"really","relationship","couldnt","care",2
"reason","another","colors","rose",2
"reasons","seems","ridiculous","think",2
"rebuild","sarkissian","quiet","moment",2
"recap","hard","believe","months",2
"receive","million","next","year",2
"receiver","connected","passes","yards",2
"recently","last","name","hinderance",2
"record","pp","e-e","december",2
"record","put","keek","can",2
"records","elizabeth","warren","obtained",2
"recurring","mechanical","problems","process",2
"red","pink","february","anniversary",2
"reflects","time","just","dont",2
"reform","single","biggest","priority",2
"reforms","system","languished","state",2
"region","individual","federal","agencies",2
"regions","financial","corp","ended",2
"reimer","wearing","silver","tea",2
"relationship","couldnt","care","couple",2
"relief","wasnt","dont","know",2
"remaining","flour","cup","time",2
"remaining","wicked","wrist","shot",2
"rep","peter","defazio","tried",2
"repeats","hijri","calendar","every",2
"reports","age","crown","prince",2
"representatives","said","heaphy","us",2
"represents","best","opportunity","ive",2
"require","company","make","billion",2
"reservations","credit","cards","accepted",2
"resistance","pivots","short","term",2
"resk","says","hasnt","seen",2
"rest","life","behind","bars",2
"restoration","migratory","bird","habitat",2
"restoration","wetlands","grasslands","wildlife",2
"retailers","market","concentrate","commitment",2
"retirement","joe","mercer","announced",2
"reveal","immigration","status","group",2
"revenge","delivered","think","best",2
"revenge","four","months","later",2
"revenue","billion","profit","margin",2
"revenue","thats","costing","newark",2
"revenue","within","next","six",2
"rewards","just","watching","tv",2
"richard","e","dutrow","sr",2
"richly","deserve","like","many",2
"rick","quietly","won","nearly",2
"rickie","weeks","nl","-star",2
"ridiculous","think","lying","guess",2
"right-handed","person","can","supply",2
"right-handed","person","however","right-handed",2
"right-handed","person","will","find",2
"right-wingers","hedgecock","just","another",2
"right","catcher","throws","curve",2
"right","day","whether","-",2
"right","place","right","time",2
"right","side","chest","pain",2
"ritual","soon--graduate","high","school",2
"rivoli","opened","place","nearly",2
"road","-","filed","chapter",2
"robert","wood","johnson","university",2
"rocks","market","intend","spending",2
"rogue","sales","representatives","said",2
"romantic","comedies","cute","athletic",2
"ron","wyden","jeff","merkley",2
"room","collins","created","round",2
"roommate","lawyer","contends","ravi",2
"rooms","dining","room","collins",2
"roscoe","skipper","also","nearby",2
"rose","coupled","dark","background",2
"roses","shades","red","pink",2
"roughly","third","will","focused",2
"round","bundts","made","national",2
"round","dining-room","table","top",2
"round","th","overall","th",2
"row","ch","sc","sc",2
"rt","rainy","days","end",2
"run","canning","line","may",2
"run","met","john","giarrante",2
"s","missouri","quail","hunters",2
"sad","pathetic","life","struck",2
"sad","stormed","much","ran",2
"safety","manning","called","intentional",2
"said","aware","competitive","retailers",2
"said","dont","go","east-west",2
"said","energy","analysts","mf",2
"said","far","im","concerned",2
"said","graduated","university","missouri-st",2
"said","heaphy","us","attorney",2
"said","just","want","go",2
"said","kathleen","cerveny","senior",2
"said","macdonald","adding","likely",2
"said","missed","free","throw",2
"said","pages","documents","least",2
"said","prosecutors","allege","ravi",2
"said","raised","online","donations",2
"said","reimer","wearing","silver",2
"said","showcases","true","danger",2
"said","staked","political","future",2
"said","terra","cotta-clad","building",2
"said","told","say","something",2
"said","way","justify","even",2
"sales","prices","vacant","units",2
"sales","programs","best","customer",2
"sales","representatives","said","heaphy",2
"sales","rose","percent","last",2
"samo","spot","people","brought",2
"san","diego","gas","electric",2
"santa","monica","newly","opened",2
"sarkissian","quiet","moment","looks",2
"saturated","mg","cholesterol","mg",2
"saudi","arabia","uses","lunar",2
"saudi","production","whether","fact",2
"saudis","husband","actually","three",2
"saved","matter","water","baptized",2
"say","never","say","never",2
"say","something","isnt","wall",2
"says","hamilton","lying","sell",2
"says","hasnt","seen","little",2
"says","hello","arms","hugged",2
"says","wanted","completely","autonomous",2
"sc","sc","fpdc","around",2
"scar","nose","like","video",2
"scheffler","said","pages","documents",2
"school","boys","makes","equal",2
"school","boys","might","see",2
"school","course","still","best",2
"school","eastern","tennessee","mother",2
"school","graduated","school","eastern",2
"school","programs","helping","guide",2
"school","reform","single","biggest",2
"school","score","meaning","compared",2
"school","started","really","develop",2
"school","students","fresh","prom",2
"schools","facebook","founder","mark",2
"schools","similar","demographics","rank",2
"schuller","says","wanted","completely",2
"science","center","hours","good",2
"scoffed","previews","revenge","four",2
"score","meaning","compared","schools",2
"score","points","playoff","game",2
"scoring","second","quarter","made",2
"scrutiny","surfaced","listed","native",2
"sculpture","baker","shop","door",2
"seasons","cycle","seasons","repeats",2
"seasons","repeats","hijri","calendar",2
"second","half","blocked","two",2
"second","night","just","minute",2
"second","preview","precious","little",2
"second","quarter","made","falcons",2
"second","round","third","round",2
"secretly","booked","brewers","many",2
"secretly","otherwise","wanted","date",2
"section","bit","need","keir",2
"see","creations","new","sets",2
"see","nice","heart","pounds",2
"see","shyness","grow","cheeks",2
"see","sitcoms","romantic","comedies",2
"seems","chickens","natures","little",2
"seems","odd","wizard","hasnt",2
"seems","ridiculous","think","lying",2
"seen","four","years","california",2
"seen","little","creatures","since",2
"selection","valuable","sales","programs",2
"self-esteem","pretty","low","anyway",2
"sell","book","discredited","floyd",2
"sell","morgan","keegan","brokerage",2
"seller","might","try","get",2
"senate","leader","bob","huff",2
"senate","leader","mike","hewitt",2
"senate","president","tom","niehaus",2
"senator","district","candidate","filed",2
"senators","ron","wyden","jeff",2
"senior","adviser","arts","culture",2
"senior","thrift","caring","center",2
"serbia","confused","mr","tadics",2
"series","comes","-gb","hard",2
"service","grocery","store","around",2
"services","fd","fed","cir",2
"services","llc","amazon","eu",2
"services","llc","andor","amazon",2
"serving","calories","g","protein",2
"serving","margs","beers","delicious",2
"set","can","many","different",2
"set","webcam","humiliate","roommate",2
"setting","stage","dramatic","flyover",2
"seven","students","come","reveal",2
"seven","years","maintaining","profit",2
"sg","good","one","high",2
"shades","red","pink","february",2
"shenkus","told","judge","took",2
"shirts","sale","proclaiming","seniors",2
"shop","door","longer","baker",2
"shop","may","suggest","feeling",2
"shop","number","built","stone",2
"shorter","gregorian","calendar","used",2
"shortfall","said","energy","analysts",2
"shot","beat","elliott","high",2
"show","affiliation","tea","party",2
"show","like-minded","obama-haters","can",2
"showcases","true","danger","things",2
"showed","seems","chickens","natures",2
"shows","letter","written","patton",2
"shriners","hospitals","children","international",2
"shu","never","felt","really",2
"shutout","fewells","bunch","sort",2
"shyness","grow","cheeks","says",2
"side","chest","pain","women",2
"sides","need","go","newspaper",2
"sigh","relief","wasnt","dont",2
"signalled","fully","retirement","joe",2
"silver","tea","bag","earrings",2
"similar","demographics","rank","among",2
"similar","reasons","seems","ridiculous",2
"similar","school","score","meaning",2
"similar","schools","score","higher",2
"simply","held","castle","ransom",2
"since","announcing","million","donation",2
"since","chickens","showed","seems",2
"single","biggest","priority","bookers",2
"sinkhole","fiscal","uncertainty","move",2
"sit","around","play","games",2
"sitcoms","romantic","comedies","cute",2
"sites","earn","advertising","fees",2
"sittin","bench","bruno","mars",2
"six","seven","years","maintaining",2
"sk","open","sc","sc",2
"skill","love","get","check",2
"skipper","also","nearby","rivoli",2
"slashing","staff","destroying","-house",2
"slider","back","now","got",2
"slipped","usd","lower","support",2
"slot","feels","right","day",2
"snails","spiders","yard","resk",2
"snaps","carried","ball","also",2
"soil","conservation","protection","restoration",2
"solution","maintain","access","students",2
"somebody","told","one","knows",2
"someone","run","met","john",2
"someones","birthdate","trying","convert",2
"something","isnt","wall","isnt",2
"something","marche","proveneal","thats",2
"something","sweet","take","home",2
"sometimes","made","feel","even",2
"somewhat","confused","going","saudi",2
"somewhat","translator","eg","caking",2
"son","coul","everyone","knows",2
"son","influential","trainer","richard",2
"soon--graduate","high","school","students",2
"sorry","trouble","executing","whats",2
"sort","depends","arm","slot",2
"sort","safety","manning","called",2
"sound","leaf","blower","perfect",2
"south","carolina","greenville","newspaper",2
"south","carolina","new","jersey",2
"south","dakota","dryland","working",2
"south","melbourne","queen","vic",2
"space","give","hedgecock","forum",2
"speaker","last","week","peak",2
"specialty","health","care","system",2
"spend","rest","life","behind",2
"spending","lot","time","money",2
"spent","attempting","acquire","new",2
"spent","florence","father","renowned",2
"spent","little","life","without",2
"spent","two","years","creating",2
"spew","collective","invective","happily",2
"spiders","yard","resk","says",2
"spiked","slipped","steadily","since",2
"spokeswoman","ann","davis","added",2
"sports","controversial","trainer","rick",2
"spot","people","brought","yxta",2
"spx","pivots","resistance","pivots",2
"spxdow","ndxnaz","bonds","lost",2
"square","feet","offices","plus",2
"sr","brother","sports","controversial",2
"st","--","oregon","city",2
"st","house","speaker","last",2
"st","louis-based","stifel","financial",2
"st","louis","symphony","orchestra",2
"st","tank","battalion","-",2
"stadium","proposal","passes","house",2
"staff","destroying","-house","morale",2
"staff","writer","mike","garafolo",2
"stage","dramatic","flyover","worlds",2
"stairs","one","time","outside",2
"staked","political","future","enacting",2
"stalls","ew","aromas","combine",2
"stamp","heritage","roses","shades",2
"stars","friends","secretly","booked",2
"started","hard","find","nc",2
"started","really","develop","changeup",2
"state","clamber","sinkhole","fiscal",2
"state","control","years","tonights",2
"state","federal","appeals","courts",2
"state","oregon","challenged","position",2
"state","representative","district","brian",2
"state","representative","district","cindy",2
"state","representative","district","david",2
"state","senator","district","candidate",2
"state","senator","district","michael",2
"statement","issued","article","kleins",2
"statistical","oddity","brewers","struggling",2
"status","group","led","march",2
"stereotypical","high","school","boys",2
"steve","scheffler","said","pages",2
"stifel","financial","corp","two",2
"stigma","article","notes","expensive",2
"stir","bunch","trouble","honest",2
"stock","bring","boil","reduce",2
"stomach","u-t","waste","valuable",2
"stone","sculpture","baker","shop",2
"stop","back","next","days",2
"stormed","much","ran","wine",2
"story","stairs","one","time",2
"straight","lines","leipsic","said",2
"street","police","told","leave",2
"striking","case","didnt","get",2
"stripper","time","whatever","cool",2
"strong","stomach","u-t","waste",2
"stronger","anticlockwise","turning","force",2
"struck","earthquake","thisthis","guy",2
"struggling","b","rickie","weeks",2
"students","come","reveal","immigration",2
"students","fresh","prom","hundreds",2
"students","gathered","campus","hear",2
"students","need","classes","transfer",2
"subject","change","removal","time",2
"submitted","proposal","metrohealth","receive",2
"substances","around","truly","untested",2
"substantial","investments","long-term","efforts",2
"suffered","four","weeks","withdrawal",2
"sugar","g","fiber","mg",2
"suggest","feeling","sorry","trouble",2
"summer","aint","good","eyes",2
"summer","said","way","justify",2
"summers","brucker","spent","florence",2
"supply","stronger","anticlockwise","turning",2
"support","event","ale","stars",2
"support","spx","pivots","resistance",2
"support","water","management","key",2
"suppose","somewhat","translator","eg",2
"sure","check","back","next",2
"sure","enough","guy","just",2
"sure","stop","back","next",2
"surf","web","send","instant",2
"surfaced","listed","native","heritage",2
"survived","camp","th","graders",2
"sustainable","agriculture","water","management",2
"sweat","shirts","sale","proclaiming",2
"sweet","take","home","love",2
"sweet","tooth","causes","buy",2
"syndicated","radio","show","like-minded",2
"system","languished","state","control",2
"t-shirts","sweat","shirts","sale",2
"t","training","wwwtisfortrainingwordpresscom","discusses",2
"t","w","e","e",2
"table","top","made","mature",2
"tadics","democrats","outspoken","opposition",2
"take","account","seasons","cycle",2
"take","charge","indy","fifth",2
"take","home","love","things",2
"take","though","defense","started",2
"taken","gamers","hugely","popular",2
"taken","tidy","crumb-free","kitchen",2
"talent","school","programs","helping",2
"talk","today","stereotypical","high",2
"talks","friday","sell","morgan",2
"tank","battalion","-","unit",2
"targeting","talent","school","programs",2
"task","improving","quality","prosecution",2
"taste","like","entryway","heaven",2
"tea","bag","earrings","show",2
"team","creates","chances","us",2
"team","nfl","history","score",2
"tear","away","exhausting","task",2
"teens","used","alcohol","last",2
"tell","judge","whose","neglect",2
"tell","said","reimer","wearing",2
"tell","us","buy","else",2
"tell","writers","never","gave",2
"tennessee","mother","said","graduated",2
"terminals","potential","gas","exports",2
"terra","cotta-clad","building","square",2
"testosterone","use","upcoming","book",2
"texas","rep","ron","paul",2
"th-mile","race","creative","cause",2
"th","ave","square","feet",2
"th","daddy","long","legs",2
"th","graders","pacific","science",2
"th","overall","th","overall",2
"thank","booked","came","along",2
"thanks","follow","looking","forward",2
"thanks","following","robin","aerialist",2
"thats","costing","newark","taxpayers",2
"thats","throw","changeup","right",2
"thats","uniquely","french","kind",2
"theres","something","else","going",2
"theres","times","hes","looked",2
"theyd","already","spent","two",2
"theyre","good","couldnt","known",2
"thing","writers","wanted","meant",2
"things","brought","along","new",2
"things","dairy","queen","krispy",2
"things","going","pretty","well",2
"things","many","substances","around",2
"things","spring","training","said",2
"think","best","episode","yet",2
"think","lying","guess","armstrong",2
"think","markets","somewhat","confused",2
"think","mother","nature","entity",2
"think","versus","tulsa","day",2
"thinking","men","run","world",2
"third-string","quarterback","miles","osei",2
"third","county","middle","schools",2
"third","dullahan","fourth","take",2
"third","will","focused","education",2
"thirty","minutes","trophy","lifted",2
"thisthis","guy","knows","gosh",2
"though","defense","started","hard",2
"though","im","pretty","sure",2
"though","way","effectively","managed",2
"threatening","class","cuts","argue",2
"three","basement","floors","converted",2
"three","boys","want","talk",2
"three","different","official","birthdays",2
"three","years","ago","celebrate",2
"throughout","region","individual","federal",2
"throw","-","play","bullpen",2
"throw","changeup","right","catcher",2
"throw","earlier","quarter","knew",2
"throw","mph","mph","range",2
"throwing","lot","year","always",2
"throws","curve","like","ok",2
"thursday","warrens","heritage","scrutiny",2
"tickets","written","texas","police",2
"ticks","crude","rallied","gold",2
"tidy","crumb-free","kitchen","youll",2
"time","although","end","era",2
"time","just","dont","many",2
"time","money","south","melbourne",2
"time","outside","old","tv",2
"time","prepare","arnos","attorney",2
"time","proving","werent","partly",2
"time","whatever","cool","thing",2
"today","stereotypical","high","school",2
"today","yesterday","many","us",2
"together","formula","probably","stayed",2
"told","conversation","upset","told",2
"told","daily","racing","form",2
"told","friends","conversation","upset",2
"told","job","opinion","dave",2
"told","judge","took","months",2
"told","leave","hernandez","said",2
"told","one","knows","better",2
"told","say","something","isnt",2
"tonights","address","roughly","third",2
"took","bit","chance","unknown",2
"took","man","put","garden",2
"took","months","government","build",2
"took","snaps","carried","ball",2
"took","vacation","day","work",2
"tooth","causes","buy","multiples",2
"top","made","mature","mesquite",2
"top","percent","academically","almost",2
"total","number","people","getting",2
"totally","disgusting","three","boys",2
"township","board","district","charles",2
"township","board","district","michael",2
"township","board","district","robert",2
"township","board","district","steve",2
"traffic","tickets","written","texas",2
"trainer","richard","e","dutrow",2
"trainer","rick","quietly","won",2
"training","wwwtisfortrainingwordpresscom","discusses","job",2
"trenton","gov","chris","christie",2
"tried","introduce","legislation","block",2
"tried","summer","aint","good",2
"trimet","spokeswoman","mary","fetsch",2
"trip","yeah","chk","hit",2
"trouble","executing","whats","head",2
"trouble","honest","opinion","legitimate",2
"true","danger","things","many",2
"truly","untested","buy","dont",2
"try","bundle","items","get",2
"try","get","buy","want",2
"trying","avoid","using","proper",2
"trying","convert","arabic","dates",2
"trying","stir","bunch","trouble",2
"tryna","create","beat","cant",2
"tsa","spokeswoman","ann","davis",2
"tuesday","students","gathered","campus",2
"tulsa","day","throwing","lot",2
"turned","us","attorneys","office",2
"turning","force","right-handed","person",2
"tv","set","sigh","daysb",2
"tv","strong","stomach","u-t",2
"tweet","make","nightmiobi","taught",2
"two-thirds","middle","schools","earned",2
"two","-gb","hard","drives",2
"two","brothers","chrystoph","iliopoulos",2
"two","cranberries","tablespoon","flour",2
"two","people","direct","knowledge",2
"two","years","creating","purus",2
"type","guy","every","girl",2
"u-t","waste","valuable","editorial",2
"u","record","put","keek",2
"uncertainty","move","forward","better",2
"unconsidered","evidence","raised","inference",2
"undermine","us","energy","security",2
"unintentional","doppelganger","close","ill",2
"union","rags","winning","th-mile",2
"uniquely","french","kind","wonderful",2
"units","number","spiked","slipped",2
"units","use","nvidias","geforce",2
"university","chicago","maroon","november",2
"unless","can","document","infestation",2
"untested","buy","dont","know",2
"updated","shop","may","suggest",2
"upset","fact","one","mentioned",2
"upset","lose","garden","house",2
"upset","told","friends","conversation",2
"ur","austreamso","can","u",2
"ur","park","just","sittin",2
"urd","given","will","cause",2
"us","attorney","paul","fishman",2
"us","attorney","western","district",2
"us","buy","else","can",2
"us","lose","westbrook","said",2
"us","rep","peter","defazio",2
"us","will","provide","way",2
"usa","pro","cycling","challenge",2
"usd","lower","support","spx",2
"use","eminent","domain","lng",2
"use","got","-","count",2
"use","last","names","verbs",2
"use","nvidias","geforce","pci-express",2
"use","upcoming","book","deal",2
"used","alcohol","last","year",2
"used","forever","block","stamp",2
"used","west","can","create",2
"users","surf","web","send",2
"uses","lunar","hijri","calendar",2
"usfws","invest","approximately","million",2
"usfws","nrcs","conservation","partners",2
"using","proper","nouns","purchased",2
"v","mayo","collaborative","services",2
"vacant","units","number","spiked",2
"valuable","editorial","space","give",2
"valuable","sales","programs","best",2
"valuation","require","company","make",2
"value","widest","selection","valuable",2
"vending","machine","contents","extremely",2
"vending","machines","recurring","mechanical",2
"venture","partnership","deliver","wetland",2
"verbs","still","makes","giggle",2
"versatile","set","can","many",2
"versus","tulsa","day","throwing",2
"vic","markets","however","something",2
"video","games","see","nice",2
"view","already","readily","available",2
"view","represents","best","opportunity",2
"vikings","stadium","proposal","passes",2
"voice","hair","awsome","d",2
"voice","head","telling","calm",2
"w","e","e","t",2
"w","ellyssa","kroski","t",2
"wall","isnt","just","trying",2
"want","hurt","arm","kind",2
"want","need","offering","generous",2
"want","say","bad","words",2
"want","talk","today","stereotypical",2
"want","us","lose","westbrook",2
"wanted","completely","autonomous","board",2
"wanted","date","high","school",2
"wanted","meant","care","honestly",2
"wants","wonder","theres","something",2
"warren","obtained","associated","press",2
"warrens","heritage","scrutiny","surfaced",2
"wasnt","dont","know","wouldve",2
"waste","valuable","editorial","space",2
"watch","game","get","party",2
"water","management","key","avian",2
"water","management","soil","conservation",2
"way","ahead","curve","addressing",2
"way","effectively","managed","sometimes",2
"way","justify","even","low",2
"way","maintain","religious","freedom",2
"wearing","silver","tea","bag",2
"web","send","instant","messages",2
"webcam","humiliate","roommate","lawyer",2
"website","comes","amazon","services",2
"wednesday","evenings","around","weve",2
"week","peak","long","legislative",2
"week","quickly","heated","things",2
"week","told","conversation","upset",2
"weekly","recap","hard","believe",2
"weeks","nl","-star","higher",2
"weeks","withdrawal","revenge","delivered",2
"welcome","unless","can","document",2
"well","guess","tried","summer",2
"well","lets","just","say",2
"wendy","brucker","roscoe","skipper",2
"west","can","create","disputes",2
"westbrook","said","missed","free",2
"western","calendar","islamic","calendar",2
"wet","ingredients","dry","ingredients",2
"wetland","grassland","conservation","projects",2
"wetlands","grasslands","wildlife","habitat",2
"weve","suffered","four","weeks",2
"whatever","cool","thing","writers",2
"whats","head","creating","works",2
"whether","-","far","throw",2
"whether","fact","ramped","full",2
"whether","good","idea","vending",2
"whether","youre","even","getting",2
"whod","executives","innovations","division",2
"whose","neglect","made","feel",2
"wicked","wrist","shot","beat",2
"widest","selection","valuable","sales",2
"wildlife","habitat","example","usfws",2
"wildwood","ritual","soon--graduate","high",2
"will","admit","blood","doping",2
"will","announced","next","week",2
"will","cause","bit","hit",2
"will","continue","push","school",2
"will","find","easier","tighten",2
"will","focused","education","will",2
"will","game","worldseries","come",2
"will","open","pm","serving",2
"will","play","four","teams",2
"will","tear","us","apart",2
"william","g","batchelder","became",2
"win","final","two","games",2
"winestorming","last","night","got",2
"winner","will","announced","next",2
"winning","th-mile","race","creative",2
"withdrawal","revenge","delivered","think",2
"within","next","six","seven",2
"without","family","members","individuals",2
"without","love","saved","matter",2
"witness","tampering","hindering","apprehension",2
"wizard","hasnt","simply","held",2
"won","nearly","races","-year",2
"wonder","theres","something","else",2
"wonderful","produce","exceptional","lively",2
"wonderful","though","way","effectively",2
"wood","johnson","university","hospital",2
"words","actions","people","comes",2
"words","theyd","already","spent",2
"work","hard","believe","never",2
"working","lands","northwestern","plains",2
"works","good","admire","one",2
"worldseries","come","watch","game",2
"wouldve","reacted","hopefully","unintentional",2
"wrist","shot","beat","elliott",2
"writer","mike","garafolo","contributed",2
"writers","never","gave","anything",2
"writers","wanted","meant","care",2
"written","patton","members","st",2
"wrong","australia","rocks","market",2
"wrong","im","pretty","sure",2
"wwwtisfortrainingwordpresscom","discusses","job","previous",2
"wyden","jeff","merkley","expressed",2
"xinrans","books","make","sad",2
"yard","resk","says","hasnt",2
"yards","four","catches","yards",2
"yeah","chk","hit","back",2
"year","always","count","can",2
"year","metrohealth","receiving","million",2
"years","ago","celebrate","summers",2
"years","california","state","clamber",2
"years","creating","purus","giarrante",2
"years","maintaining","profit","margins",2
"years","old","common","dispute",2
"years","old","feet","inches",2
"years","tonights","address","roughly",2
"yeas","vikings","stadium","proposal",2
"yes","suppose","somewhat","translator",2
"yesterday","many","us","praydavid",2
"yet","vaguely","lustful","expression",2
"youll","difficult","time","proving",2
"youplz","answer","b","love",2
"youre","even","getting","right",2
"yxta","will","open","pm",2
"z","series","comes","-gb",2
"zone","open","scoring","second",2
"zoo","said","raised","online",2
"zuckerberg","booker","said","staked",2
